spider_id,Experiment ,ZT,CT,Monitor,Lights On,source_file,year,monitor,alive,LD_period_h,LD_pvalue_FAP,LD_power,LD_n_days,LD_significant,LD_entrained,DD_period_h,DD_pvalue_FAP,DD_power,DD_n_days,DD_significant
MW_100_,,,,,,MW 0915-0927 2025 Monitor1.txt,,1.0,True,23.718,1.9792249072472505e-23,0.0112,8.0,True,True,22.909,1.51531572745784e-62,0.0624,4.0,True
MW_101_,,,,,,MW 0915-0927 2025 Monitor1.txt,,1.0,True,23.577,3.44658763611419e-13,0.0071,8.0,True,True,24.059,1.00465792482006e-22,0.0256,4.0,True
MW_102_,,,,,,MW 0915-0927 2025 Monitor1.txt,,1.0,True,23.695,3.36377826236402e-63,0.0268,8.0,True,True,24.755,8.958364204496911e-49,0.0498,4.0,True
MW_103_,True,,21.0,1.0,1am-1pm,MW 0915-0927 2025 Monitor1.txt,,1.0,True,23.821,1.7079886126353299e-53,0.023,8.0,True,True,26.172,2.1777130024459198e-09,0.0129,4.0,True
MW_104_,True,,21.0,1.0,1am-1pm,MW 0915-0927 2025 Monitor1.txt,,1.0,True,23.996,2.30885706009618e-152,0.061,8.0,True,True,23.941,5.0923828412047096e-179,0.1619,4.0,True
MW_105_,,,,,,MW 0915-0927 2025 Monitor1.txt,,1.0,True,23.341,1.16476650205982e-70,0.0297,8.0,True,True,24.369,1.4755856300593299e-67,0.0669,4.0,True
MW_106_,,,,,,MW 0915-0927 2025 Monitor1.txt,,1.0,True,23.249,3.012268873261729e-26,0.0123,8.0,True,True,20.935,1.33642354678187e-56,0.057,4.0,True
MW_107_,,,,,,MW 0915-0927 2025 Monitor1.txt,,1.0,True,23.752,1.41885809675539e-39,0.0176,8.0,True,True,23.103,1.98972034757098e-06,0.01,4.0,True
MW_108_,,,,,,MW 0915-0927 2025 Monitor1.txt,,1.0,True,23.638,2.2535785270332798e-36,0.0163,8.0,True,True,24.577,2.5975907015749997e-20,0.0233,4.0,True
MW_10_,True,,1.0,1.0,8am-8pm,MW_2025-07-03_07-23_1.txt,,1.0,True,24.834,1.6312998365075899e-28,0.0132,8.0,True,True,24.442,2.18929414630874e-55,0.0167,12.0,True
MW_111_,,,,,,MW 0930-1011 2025 Monitor1.txt,,1.0,True,23.672,1.70280673381621e-191,0.0859,7.0,True,True,28.697,6.217791511777031e-11,0.0184,3.0,True
MW_112_,True,,13.0,1.0,8pm-8am,MW 0930-1011 2025 Monitor1.txt,,1.0,True,24.257,9.05258120204768e-74,0.0353,7.0,True,True,,,,3.0,False
MW_113_,True,,21.0,1.0,8pm-8am,MW 0930-1011 2025 Monitor1.txt,,1.0,True,23.664,5.1015640643118795e-55,0.0269,7.0,True,True,,,,3.0,False
MW_114_,True,,17.0,1.0,8pm-8am,MW 0930-1011 2025 Monitor1.txt,,1.0,True,23.771,4.8966122487650125e-112,0.052,7.0,True,True,24.998,0.9999999999999952,0.0036,3.0,False
MW_115_,True,,17.0,1.0,8pm-8am,MW 0930-1011 2025 Monitor1.txt,,1.0,True,24.544,2.5608258501982697e-213,0.095,7.0,True,True,22.952,7.6824589261266e-66,0.0834,3.0,True
MW_116_,True,,21.0,1.0,8pm-8am,MW 0930-1011 2025 Monitor1.txt,,1.0,True,23.763,1.0664331509667699e-36,0.0187,7.0,True,True,22.831,1.5283438364974697e-07,0.0142,3.0,True
MW_117_,True,21.0,,1.0,8pm-8am,MW 0930-1011 2025 Monitor1.txt,,1.0,True,22.701,2.126649326554071e-59,0.0289,7.0,True,False,23.446,5.487686160681501e-25,0.0355,3.0,True
MW_118_,True,,21.0,1.0,8pm-8am,MW 0930-1011 2025 Monitor1.txt,,1.0,True,19.773,4.5182900674579603e-35,0.018,7.0,True,False,19.576,4.2769877343354895e-18,0.0272,3.0,True
MW_119_,True,21.0,,1.0,8pm-8am,MW 0930-1011 2025 Monitor1.txt,,1.0,True,24.341,2.3674984381336303e-61,0.0298,7.0,True,True,,,,3.0,False
MW_120_,,,,,,MW 0930-1011 2025 Monitor1.txt,,1.0,True,23.434,2.7961765629798102e-105,0.0491,7.0,True,True,29.819,1.5962168899303901e-53,0.0693,3.0,True
MW_121_,True,21.0,,1.0,8pm-8am,MW 0930-1011 2025 Monitor1.txt,,1.0,True,25.457,3.52865033637001e-05,0.0043,7.0,True,False,22.916,0.0535805872827295,0.0072,3.0,False
MW_122_,True,21.0,,1.0,8pm-8am,MW 0930-1011 2025 Monitor1.txt,,1.0,True,23.86,8.28981764790708e-64,0.0309,7.0,True,True,24.169,3.846230234788861e-11,0.0186,3.0,True
MW_123_,,,,,,MW 0930-1011 2025 Monitor1.txt,,1.0,True,23.653,7.209165724739859e-61,0.0296,7.0,True,True,23.386,1.14588710177548e-69,0.0878,3.0,True
MW_124_,True,,13.0,1.0,8pm-8am,MW 0930-1011 2025 Monitor1.txt,,1.0,True,23.603,1.895593016338409e-46,0.0231,7.0,True,True,28.192,4.90249156795709e-75,0.0939,3.0,True
MW_125_,True,,21.0,1.0,8pm-8am,MW 0930-1011 2025 Monitor1.txt,,1.0,True,24.483,2.67209567208854e-91,0.043,7.0,True,True,24.528,9.07856624478878e-127,0.1503,3.0,True
MW_14_,True,,1.0,1.0,8am-8pm,MW_2025-07-03_07-23_1.txt,,1.0,True,24.281,4.7468592267519605e-31,0.0142,8.0,True,True,23.319,2.73176295761953e-172,0.0484,12.0,True
MW_1_,,,,,,MW_2025-07-03_07-23_1.txt,,1.0,False,,,,8.0,False,False,29.251,3.77700742178573e-40,0.0125,12.0,True
MW_21_,True,,1.0,1.0,8am-8pm,MW_2025-07-03_07-23_1.txt,,1.0,True,24.341,1.59745689690375e-05,0.004,8.0,True,True,24.205,7.87245839917858e-48,0.0146,12.0,True
MW_22_,True,,1.0,1.0,8am-8pm,MW_2025-07-03_07-23_1.txt,,1.0,True,25.109,3.08085850845796e-86,0.0358,8.0,True,True,23.316,2.02245583352524e-262,0.0721,12.0,True
MW_24_,,,,,,MW_2025-07-03_07-23_1.txt,,1.0,False,23.976,9.900978518038019e-16,0.0081,8.0,True,True,23.996,1.41540291410664e-103,0.0299,12.0,True
MW_26_,,,,,,MW_2025-07-03_07-23_1.txt,,1.0,False,,,,8.0,False,False,24.126,3.2571148423574297e-10,0.0042,12.0,True
MW_27_,True,,5.0,1.0,8am-8pm,MW_2025-07-03_07-23_1.txt,,1.0,False,24.157,1.873341860928689e-11,0.0064,8.0,True,True,24.008,6.399675953760227e-249,0.0686,12.0,True
MW_29_,,,,,,MW_2025-07-03_07-23_1.txt,,1.0,False,,,,8.0,False,False,28.895,4.92573959770506e-27,0.0089,12.0,True
MW_32_,True,,1.0,1.0,8am-8pm,MW_2025-07-03_07-23_1.txt,,1.0,False,22.718,4.1944863349018497e-22,0.0106,8.0,True,False,23.52,1.0315513938848101e-147,0.0418,12.0,True
MW_34_,True,,5.0,1.0,8am-8pm,MW_2025-07-03_07-23_1.txt,,1.0,True,24.593,1.33947272149812e-68,0.0289,8.0,True,True,24.788,0.0,0.0936,12.0,True
MW_36_,True,,5.0,1.0,8am-8pm,MW_2025-07-03_07-23_1.txt,,1.0,True,24.341,1.61611454615227e-107,0.044,8.0,True,True,23.806,3.1575411666417304e-167,0.0471,12.0,True
MW_38_,True,,9.0,1.0,8am-8pm,MW_2025-07-03_07-23_1.txt,,1.0,True,24.742,1.08306740032572e-244,0.0951,8.0,True,True,24.229,0.0,0.1964,12.0,True
MW_3_,,,,,,MW_2025-07-03_07-23_1.txt,,1.0,False,,,,8.0,False,False,28.625,1.0,0.0004,12.0,False
MW_41_,,,,,,MW_2025-07-03_07-23_1.txt,,1.0,True,23.86,1.85868009037595e-17,0.0088,8.0,True,True,23.26,7.68274522851828e-232,0.0641,12.0,True
MW_42_,True,,9.0,1.0,8am-8pm,MW_2025-07-03_07-23_1.txt,,1.0,True,24.426,0.0,0.1349,8.0,True,True,24.241,0.0,0.1837,12.0,True
MW_45_,,,,,,MW_2025-07-03_07-23_1.txt,,1.0,False,29.158,3.28151811319418e-10,0.0059,8.0,True,False,23.744,3.6312094378157e-282,0.0772,12.0,True
MW_47_,,,,,,MW_2025-07-03_07-23_1.txt,,1.0,True,24.705,1.4595786762435998e-64,0.0274,8.0,True,True,24.483,7.92185341673666e-193,0.0539,12.0,True
MW_49_,True,,5.0,1.0,8am-8pm,MW_2025-07-03_07-23_1.txt,,1.0,True,23.875,1.8945854863745198e-192,0.0759,8.0,True,True,22.782,0.0,0.0944,12.0,True
MW_50_,True,,9.0,1.0,8am-8pm,MW_2025-07-03_07-23_1.txt,,1.0,True,24.792,5.92355716105929e-84,0.0349,8.0,True,True,23.81,0.0,0.0881,12.0,True
MW_52_,,,,,,MW_2025-07-03_07-23_1.txt,,1.0,True,23.676,9.368614138033099e-57,0.0243,8.0,True,True,23.183,0.0,0.0961,12.0,True
MW_58_,,,,,,MW 0730-0813 Monitor1.txt,,1.0,True,25.647,0.0754502880024884,0.0047,4.0,False,False,21.335,9.81456544389764e-126,0.0444,10.0,True
MW_5_,,,,,,MW_2025-07-03_07-23_1.txt,,1.0,False,,,,8.0,False,False,,,,12.0,False
MW_62_,True,,13.0,1.0,1am-1pm,MW 0730-0813 Monitor1.txt,,1.0,True,23.729,5.87556341954907e-93,0.0751,4.0,True,True,24.059,1.20348537228459e-162,0.0566,10.0,True
MW_64_,True,17.0,,1.0,1am-1pm,MW 0730-0813 Monitor1.txt,,1.0,True,23.111,1.5559051460151802e-94,0.0763,4.0,True,True,23.965,0.0,0.1261,10.0,True
MW_65_,,,,,,MW 0730-0813 Monitor1.txt,,1.0,True,29.45,7.3090190224761e-09,0.0104,4.0,True,False,24.479,1.1996279118913e-73,0.0269,10.0,True
MW_66_,True,,13.0,1.0,1am-1pm,MW 0730-0813 Monitor1.txt,,1.0,True,23.802,0.707640854587089,0.0037,4.0,False,False,23.833,4.10917947321973e-109,0.0389,10.0,True
MW_67_,True,17.0,,1.0,1am-1pm,MW 0730-0813 Monitor1.txt,,1.0,True,27.313,4.384225283379071e-54,0.0458,4.0,True,False,24.249,6.487426519378549e-288,0.0969,10.0,True
MW_71_,,,,,,MW 0730-0813 Monitor1.txt,,1.0,True,23.996,2.55964378291415e-56,0.0475,4.0,True,True,23.687,1.19805027028201e-101,0.0364,10.0,True
MW_7_,True,,1.0,1.0,8am-8pm,MW_2025-07-03_07-23_1.txt,,1.0,True,24.75,3.59386159555929e-42,0.0186,8.0,True,True,22.565,9.3661545207549e-73,0.0215,12.0,True
MW_85_,,,,,,MW 0915-0927 2025 Monitor1.txt,,1.0,True,22.831,7.02365200014074e-34,0.0153,8.0,True,True,23.821,1.12454046526409e-84,0.0822,4.0,True
MW_86_,True,,13.0,1.0,1am-1pm,MW 0915-0927 2025 Monitor1.txt,,1.0,True,23.953,2.32443429129525e-189,0.0748,8.0,True,True,26.953,1.7034321517416498e-48,0.0496,4.0,True
MW_87_,,,,,,MW 0915-0927 2025 Monitor1.txt,,1.0,True,25.479,0.0002189013700913,0.0035,8.0,True,False,23.756,2.15322900588491e-37,0.0393,4.0,True
MW_88_,True,,13.0,1.0,1am-1pm,MW 0915-0927 2025 Monitor1.txt,,1.0,True,23.364,3.6206636579263904e-23,0.0111,8.0,True,True,24.606,3.1113669169713296e-42,0.0438,4.0,True
MW_89_,,,,,,MW 0915-0927 2025 Monitor1.txt,,1.0,True,23.871,5.96478613451545e-104,0.0426,8.0,True,True,24.52,3.287986630324449e-77,0.0755,4.0,True
MW_90_,True,,17.0,1.0,1am-1pm,MW 0915-0927 2025 Monitor1.txt,,1.0,True,23.615,2.88727496829578e-63,0.0269,8.0,True,True,24.126,4.67238583065344e-40,0.0418,4.0,True
MW_91_,,,,,,MW 0915-0927 2025 Monitor1.txt,,1.0,True,23.71,9.56216745346113e-47,0.0204,8.0,True,True,23.833,4.07199893700387e-32,0.0344,4.0,True
MW_92_,,,,,,MW 0915-0927 2025 Monitor1.txt,,1.0,True,19.109,2.00770718222646e-21,0.0104,8.0,True,False,24.487,1.0896810174512499e-11,0.0151,4.0,True
MW_93_,,,,,,MW 0915-0927 2025 Monitor1.txt,,1.0,True,23.698,1.66320454867756e-45,0.0199,8.0,True,True,23.737,1.38826963228105e-08,0.0121,4.0,True
MW_94_,,,,,,MW 0915-0927 2025 Monitor1.txt,,1.0,True,,,,8.0,False,False,21.073,3.96889772534608e-22,0.025,4.0,True
MW_95_,True,,17.0,1.0,1am-1pm,MW 0915-0927 2025 Monitor1.txt,,1.0,True,24.027,6.082818340517781e-195,0.0769,8.0,True,True,24.205,3.44437510784197e-102,0.0975,4.0,True
MW_96_,,,,,,MW 0915-0927 2025 Monitor1.txt,,1.0,True,22.956,9.579067444873799e-35,0.0157,8.0,True,True,23.401,8.962293154281409e-67,0.0662,4.0,True
MW_97_,True,,17.0,1.0,1am-1pm,MW 0915-0927 2025 Monitor1.txt,,1.0,True,23.558,1.2516185391626398e-62,0.0266,8.0,True,True,24.229,3.1892297893405603e-68,0.0675,4.0,True
MW_98_,,,,,,MW 0915-0927 2025 Monitor1.txt,,1.0,True,23.002,1.2638287925065407e-18,0.0092,8.0,True,True,24.855,3.33162644820115e-12,0.0156,4.0,True
MW_99_,True,,17.0,1.0,1am-1pm,MW 0915-0927 2025 Monitor1.txt,,1.0,True,23.676,1.71442912269356e-65,0.0277,8.0,True,True,25.67,2.9125939245881e-25,0.028,4.0,True
MW_MsDD10_,True,9.0,,1.0,8am-8pm,MW 0718-0729 2024 Monitor1.txt,,1.0,True,24.43,1.1938884795158602e-124,0.0741,5.38,True,True,23.334,8.33455293803995e-225,0.1282,6.0,True
MW_MsDD11_,True,9.0,,1.0,8am-8pm,MW 0718-0729 2024 Monitor1.txt,,1.0,True,24.647,2.1573040156633997e-57,0.0362,5.38,True,True,23.161,1.31196519440182e-48,0.0313,6.0,True
MW_MsDD12_,True,9.0,,1.0,8am-8pm,MW 0718-0729 2024 Monitor1.txt,,1.0,True,24.233,1.69791796923357e-83,0.0511,5.38,True,True,22.69,4.4608198444031705e-151,0.0889,6.0,True
MW_MsDD1_,True,1.0,,1.0,8am-8pm,MW 0718-0729 2024 Monitor1.txt,,1.0,True,25.02,3.23534798660497e-78,0.0481,5.38,True,True,23.638,9.66702242457879e-167,0.0974,6.0,True
MW_MsDD2_,True,1.0,,1.0,8am-8pm,MW 0718-0729 2024 Monitor1.txt,,1.0,True,25.417,7.97674258782849e-33,0.022,5.38,True,False,22.537,1.88078290684617e-142,0.0842,6.0,True
MW_MsDD3_,True,1.0,,1.0,8am-8pm,MW 0718-0729 2024 Monitor1.txt,,1.0,True,25.152,4.4741629674431e-84,0.0514,5.38,True,True,24.039,1.51165945298849e-180,0.1048,6.0,True
MW_MsDD4_,True,1.0,,1.0,8am-8pm,MW 0718-0729 2024 Monitor1.txt,,1.0,True,24.145,5.030687171391429e-140,0.0825,5.38,True,True,25.742,1.3000014687831302e-75,0.0468,6.0,True
MW_MsDD5_,True,5.0,,1.0,8am-8pm,MW 0718-0729 2024 Monitor1.txt,,1.0,True,24.313,3.91077146319631e-160,0.0934,5.38,True,True,23.664,2.33575765492483e-71,0.0444,6.0,True
MW_MsDD6_,True,5.0,,1.0,8am-8pm,MW 0718-0729 2024 Monitor1.txt,,1.0,True,24.209,3.08132326075229e-60,0.0378,5.38,True,True,23.056,3.7531116600555195e-83,0.0511,6.0,True
MW_MsDD7_,True,5.0,,1.0,8am-8pm,MW 0718-0729 2024 Monitor1.txt,,1.0,True,21.758,5.24011968337967e-37,0.0244,5.38,True,False,22.835,4.0991334135110815e-211,0.121,6.0,True
MW_MsDD8_,True,5.0,,1.0,8am-8pm,MW 0718-0729 2024 Monitor1.txt,,1.0,True,23.626,1.3883066337143499e-83,0.0511,5.38,True,True,23.825,4.3144112334565e-88,0.0539,6.0,True
MW_MsDD9_,,,,,,MW 0718-0729 2024 Monitor1.txt,,1.0,False,20.18,5.54125160161941e-06,0.0061,5.38,True,False,22.859,1.18769035750357e-49,0.0319,6.0,True
MW_11_,True,17.0,,2.0,1am-1pm,MW_2025-07-03_07-23_2.txt,,2.0,True,24.696,4.04644304302347e-70,0.0295,8.0,True,True,23.434,5.7413655062431495e-61,0.02,11.0,True
MW_12_,True,17.0,,2.0,1am-1pm,MW_2025-07-03_07-23_2.txt,,2.0,True,23.479,3.4076570894298093e-90,0.0373,8.0,True,True,24.361,3.86853093898994e-48,0.0161,11.0,True
MW_15_,,,,,,MW_2025-07-03_07-23_2.txt,,2.0,True,27.192,1.0,0.0011,8.0,False,False,28.782,8.26575149633639e-08,0.0038,11.0,True
MW_17_,True,13.0,,2.0,1am-1pm,MW_2025-07-03_07-23_2.txt,,2.0,True,24.289,6.54319121259731e-48,0.0209,8.0,True,True,23.558,3.29251588128679e-102,0.0323,11.0,True
MW_19_,True,13.0,,2.0,1am-1pm,MW_2025-07-03_07-23_2.txt,,2.0,True,24.573,2.60747478407829e-35,0.0159,8.0,True,True,23.242,1.38626987292977e-85,0.0274,11.0,True
MW_20_,,,,,,MW_2025-07-03_07-23_2.txt,,2.0,True,24.479,7.75391277819518e-69,0.029,8.0,True,True,19.811,6.8194991251081e-114,0.0358,11.0,True
MW_25_,,,,2.0,1am-1pm,MW_2025-07-03_07-23_2.txt,,2.0,True,25.733,4.61277325589133e-32,0.0146,8.0,True,False,23.81,5.65796377180749e-246,0.0741,11.0,True
MW_28_,True,21.0,,2.0,1am-1pm,MW_2025-07-03_07-23_2.txt,,2.0,True,23.976,7.448037166818777e-56,0.024,8.0,True,True,21.966,4.84078200263008e-162,0.0499,11.0,True
MW_30_,True,13.0,,2.0,1am-1pm,MW_2025-07-03_07-23_2.txt,,2.0,True,24.479,1.0596159911699899e-20,0.0101,8.0,True,True,19.362,5.3728558924029594e-11,0.0048,11.0,True
MW_31_,True,17.0,,2.0,1am-1pm,MW_2025-07-03_07-23_2.txt,,2.0,True,25.343,1.0329158890421e-09,0.0057,8.0,True,False,23.551,1.2833630916484199e-67,0.022,11.0,True
MW_33_,True,17.0,,2.0,1am-1pm,MW_2025-07-03_07-23_2.txt,,2.0,True,25.391,9.36985849933958e-30,0.0137,8.0,True,False,23.279,9.89793679905685e-52,0.0172,11.0,True
MW_35_,,,,,,MW_2025-07-03_07-23_2.txt,,2.0,True,24.094,7.54443474159367e-41,0.0181,8.0,True,True,22.895,7.18398019303676e-149,0.0461,11.0,True
MW_37_,,,,,,MW_2025-07-03_07-23_2.txt,,2.0,True,24.353,6.597496807716511e-23,0.011,8.0,True,True,23.668,5.7106919414048506e-117,0.0367,11.0,True
MW_39_,True,21.0,,2.0,1am-1pm,MW_2025-07-03_07-23_2.txt,,2.0,True,23.887,6.03837352833502e-78,0.0326,8.0,True,True,22.336,5.6366010990820285e-174,0.0534,11.0,True
MW_40_,True,21.0,,2.0,1am-1pm,MW_2025-07-03_07-23_2.txt,,2.0,True,23.918,2.1844755954288197e-185,0.0733,8.0,True,True,23.949,0.0,0.1007,11.0,True
MW_43_,,,,,,MW_2025-07-03_07-23_2.txt,,2.0,True,24.189,2.6210453715926498e-33,0.0151,8.0,True,True,23.147,1.81943406666171e-153,0.0474,11.0,True
MW_44_,True,21.0,,2.0,1am-1pm,MW_2025-07-03_07-23_2.txt,,2.0,True,23.752,9.03987219518334e-139,0.0559,8.0,True,True,23.132,2.07031943107937e-283,0.0846,11.0,True
MW_46_,True,13.0,,2.0,1am-1pm,MW_2025-07-03_07-23_2.txt,,2.0,True,23.918,6.70701779609978e-190,0.075,8.0,True,True,23.833,0.0,0.1404,11.0,True
MW_48_,True,13.0,,2.0,1am-1pm,MW_2025-07-03_07-23_2.txt,,2.0,True,23.949,4.6037652170721e-64,0.0272,8.0,True,True,23.856,1.9337965673272397e-217,0.0659,11.0,True
MW_51_,True,21.0,,2.0,1am-1pm,MW_2025-07-03_07-23_2.txt,,2.0,True,24.688,1.8773647670114096e-69,0.0293,8.0,True,True,23.416,0.0,0.094,11.0,True
MW_53_,True,21.0,,2.0,1am-1pm,MW_2025-07-03_07-23_2.txt,,2.0,True,23.634,2.09609008828675e-143,0.0576,8.0,True,True,22.537,2.3016754481324799e-128,0.0401,11.0,True
MW_59_,,,,,,MW 0730-0813 Monitor2.txt,,2.0,True,25.037,3.77994618390851e-27,0.0249,4.0,True,True,23.817,1.8663820803619798e-125,0.0443,10.0,True
MW_60_,True,,9.0,2.0,8am-8pm,MW 0730-0813 Monitor2.txt,,2.0,True,24.008,3.12565069101579e-37,0.0328,4.0,True,True,24.067,1.8068308449448e-170,0.0592,10.0,True
MW_61_,True,,5.0,2.0,8am-8pm,MW 0730-0813 Monitor2.txt,,2.0,True,24.821,2.6975899615592905e-104,0.0835,4.0,True,True,28.437,9.26903084409825e-162,0.0563,10.0,True
MW_63_,True,,5.0,2.0,8am-8pm,MW 0730-0813 Monitor2.txt,,2.0,True,23.634,1.89209774601158e-27,0.0251,4.0,True,True,23.524,9.04148031806896e-121,0.0428,10.0,True
MW_68_,,,,,,MW 0730-0813 Monitor2.txt,,2.0,True,24.345,2.6036470939782e-33,0.0297,4.0,True,True,23.554,2.60185784507947e-154,0.0539,10.0,True
MW_69_,True,,9.0,2.0,8am-8pm,MW 0730-0813 Monitor2.txt,,2.0,True,23.93,1.8429759777223999e-34,0.0306,4.0,True,True,23.883,3.967072047089056e-303,0.1016,10.0,True
MW_70_,,,,,,MW 0730-0813 Monitor2.txt,,2.0,True,23.969,9.580665733209969e-34,0.0301,4.0,True,True,23.683,6.272372408029091e-225,0.0769,10.0,True
MW_72_,True,,9.0,2.0,8am-8pm,MW 0730-0813 Monitor2.txt,,2.0,True,23.49,3.0777443900645696e-22,0.021,4.0,True,True,23.957,7.42789915332359e-100,0.0358,10.0,True
MW_73_,,,,,,MW 0730-0813 Monitor2.txt,,2.0,False,,,,4.0,False,False,24.055,1.23087286630787e-38,0.015,10.0,True
MW_8_,,,,,,MW_2025-07-03_07-23_2.txt,,2.0,True,19.752,1.298290561848e-10,0.006,8.0,True,False,23.002,3.7485609729224995e-93,0.0296,11.0,True
MW_9_,True,13.0,,2.0,1am-1pm,MW_2025-07-03_07-23_2.txt,,2.0,True,25.101,1.77751110874345e-05,0.004,8.0,True,True,24.91,4.620240038061631e-74,0.0239,11.0,True
MW_MsD10_,True,21.0,,2.0,1am-1pm,MW 0718-0729 2024 Monitor2.txt,,2.0,True,23.405,2.96209623917417e-127,0.0755,5.38,True,True,24.012,6.88629331620964e-188,0.1087,6.0,True
MW_MsD11_,True,17.0,,2.0,1am-1pm,MW 0718-0729 2024 Monitor2.txt,,2.0,True,23.74,1.5954436986457302e-72,0.0449,5.38,True,True,22.373,2.22078434585517e-196,0.1132,6.0,True
MW_MsD12_,,,,,,MW 0718-0729 2024 Monitor2.txt,,2.0,True,23.996,3.4509840199404397e-53,0.0338,5.38,True,True,22.603,3.72795198652746e-87,0.0534,6.0,True
MW_MsD13_,,,,,,MW 0718-0729 2024 Monitor2.txt,,2.0,True,23.74,1.35476901469608e-55,0.0352,5.38,True,True,21.432,4.7383939065378815e-87,0.0533,6.0,True
MW_MsD14_,,,,,,MW 0718-0729 2024 Monitor2.txt,,2.0,True,24.035,8.835713353696179e-117,0.0697,5.38,True,True,22.694,1.0740881888753e-111,0.0672,6.0,True
MW_MsD15_,True,17.0,,2.0,1am-1pm,MW 0718-0729 2024 Monitor2.txt,,2.0,True,23.902,3.4574647482488396e-55,0.0349,5.38,True,True,23.566,1.16564260865559e-59,0.0377,6.0,True
MW_MsD16_,True,13.0,,2.0,1am-1pm,MW 0718-0729 2024 Monitor2.txt,,2.0,True,24.43,8.207423692100721e-44,0.0284,5.38,True,True,23.013,7.227970900441271e-170,0.0991,6.0,True
MW_MsD17_,True,17.0,,2.0,1am-1pm,MW 0718-0729 2024 Monitor2.txt,,2.0,True,23.36,9.3724582289625e-41,0.0266,5.38,True,True,21.32,2.66471968787275e-43,0.0282,6.0,True
MW_MsD18_,True,9.0,,2.0,1am-1pm,MW 0718-0729 2024 Monitor2.txt,,2.0,True,23.864,4.84597071623857e-85,0.052,5.38,True,True,22.424,2.85715560549026e-228,0.13,6.0,True
MW_MsD19_,,,,,,MW 0718-0729 2024 Monitor2.txt,,2.0,True,24.329,7.026077928730103e-53,0.0336,5.38,True,True,21.267,3.1648500508874896e-77,0.0477,6.0,True
MW_MsD1_,True,21.0,,2.0,1am-1pm,MW 0718-0729 2024 Monitor2.txt,,2.0,True,23.619,2.79210023800814e-62,0.039,5.38,True,True,21.548,1.49774375615124e-91,0.0559,6.0,True
MW_MsD20_,True,13.0,,2.0,1am-1pm,MW 0718-0729 2024 Monitor2.txt,,2.0,True,23.52,4.1641098310553e-187,0.1079,5.38,True,True,22.005,0.0,0.2139,6.0,True
MW_MsD21_,True,13.0,,2.0,1am-1pm,MW 0718-0729 2024 Monitor2.txt,,2.0,True,23.767,1.63721861580584e-79,0.0488,5.38,True,True,24.035,1.0334052389547269e-296,0.1648,6.0,True
MW_MsD22_,True,21.0,,2.0,1am-1pm,MW 0718-0729 2024 Monitor2.txt,,2.0,True,24.738,1.0769364139185398e-82,0.0506,5.38,True,True,22.898,5.99159410557153e-210,0.1204,6.0,True
MW_MsD23_,True,17.0,,2.0,1am-1pm,MW 0718-0729 2024 Monitor2.txt,,2.0,True,23.825,2.42714267272129e-55,0.035,5.38,True,True,24.606,1.09951363444491e-65,0.0411,6.0,True
MW_MsD24_,True,13.0,,2.0,1am-1pm,MW 0718-0729 2024 Monitor2.txt,,2.0,True,24.012,1.23227000050642e-63,0.0398,5.38,True,True,23.498,3.8404533380695e-88,0.0539,6.0,True
MW_MsD25_,True,9.0,,2.0,1am-1pm,MW 0718-0729 2024 Monitor2.txt,,2.0,True,23.926,9.343554786942301e-89,0.0541,5.38,True,True,23.29,4.48779202660197e-22,0.0157,6.0,True
MW_MsD26_,,,,,,MW 0718-0729 2024 Monitor2.txt,,2.0,True,24.126,2.3177618542034197e-227,0.129,5.38,True,True,23.056,1.2285752009248198e-94,0.0576,6.0,True
MW_MsD27_,,,,,,MW 0718-0729 2024 Monitor2.txt,,2.0,True,23.626,5.09931145675124e-40,0.0262,5.38,True,True,20.581,3.3376774613198796e-11,0.0092,6.0,True
MW_MsD28_,True,13.0,,2.0,1am-1pm,MW 0718-0729 2024 Monitor2.txt,,2.0,True,23.672,5.1343789478644e-82,0.0503,5.38,True,True,22.984,2.09955986320453e-103,0.0625,6.0,True
MW_MsD29_,,,,,,MW 0718-0729 2024 Monitor2.txt,,2.0,False,,,,5.38,False,False,22.849,1.38056810108661e-43,0.0284,6.0,True
MW_MsD2_,True,21.0,,2.0,1am-1pm,MW 0718-0729 2024 Monitor2.txt,,2.0,True,24.185,1.90186568375656e-78,0.0482,5.38,True,True,20.185,4.47493857732205e-40,0.0263,6.0,True
MW_MsD30_,,,,,,MW 0718-0729 2024 Monitor2.txt,,2.0,True,24.161,6.6014102106804995e-90,0.0547,5.38,True,True,22.729,1.31939322888356e-108,0.0654,6.0,True
MW_MsD3_,,,,,,MW 0718-0729 2024 Monitor2.txt,,2.0,True,23.771,5.519167606572689e-204,0.1168,5.38,True,True,22.349,6.09122864443012e-142,0.0839,6.0,True
MW_MsD4_,True,17.0,,2.0,1am-1pm,MW 0718-0729 2024 Monitor2.txt,,2.0,True,24.039,7.30743158639591e-78,0.0479,5.38,True,True,22.938,2.1486533753645e-155,0.0912,6.0,True
MW_MsD5_,True,21.0,,2.0,1am-1pm,MW 0718-0729 2024 Monitor2.txt,,2.0,True,24.43,3.3604066180704e-171,0.0994,5.38,True,True,22.404,2.32920619768321e-125,0.0748,6.0,True
MW_MsD6_,True,17.0,,2.0,1am-1pm,MW 0718-0729 2024 Monitor2.txt,,2.0,True,23.626,7.468169848758227e-264,0.1477,5.38,True,True,22.305,1.2485292588587901e-293,0.1633,6.0,True
MW_MsD7_,True,13.0,,2.0,1am-1pm,MW 0718-0729 2024 Monitor2.txt,,2.0,True,23.895,6.73652681422467e-115,0.0687,5.38,True,True,23.479,3.03056956100852e-62,0.0392,6.0,True
MW_MsD8_,,,,,,MW 0718-0729 2024 Monitor2.txt,,2.0,True,24.229,8.634973365857541e-15,0.0113,5.38,True,True,22.078,1.54264854669457e-92,0.0564,6.0,True
MW_MsD9_,True,21.0,,2.0,1am-1pm,MW 0718-0729 2024 Monitor2.txt,,2.0,True,24.337,4.81966566464039e-81,0.0497,5.38,True,True,20.361,1.2544344571290798e-83,0.0514,6.0,True
MW_MsA10_,,,,,,MsA DD-LD first group 0624-0708-2024 Monitor 3.txt,,3.0,True,23.844,6.89637135453207e-126,0.0743,5.42,True,True,23.806,1.2174564587834299e-158,0.0605,9.0,True
MW_MsA11_,,,,,,MsA DD-LD first group 0624-0708-2024 Monitor 3.txt,,3.0,True,25.955,5.14431667253439e-13,0.0102,5.42,True,False,22.746,6.38851768477853e-99,0.0388,9.0,True
MW_MsA12_,,,,,,MsA DD-LD first group 0624-0708-2024 Monitor 3.txt,,3.0,True,25.071,2.87555749246757e-44,0.0284,5.42,True,True,23.817,4.1070080319369495e-63,0.0256,9.0,True
MW_MsA13_,True,5.0,,3.0,8am-8pm,MsA DD-LD first group 0624-0708-2024 Monitor 3.txt,,3.0,True,24.082,8.074569684644279e-24,0.0166,5.42,True,True,23.401,1.5806973262673098e-104,0.0409,9.0,True
MW_MsA14_,,,,,,MsA DD-LD first group 0624-0708-2024 Monitor 3.txt,,3.0,True,22.445,2.7629365695458497e-25,0.0174,5.42,True,False,21.979,9.46429628577069e-242,0.0898,9.0,True
MW_MsA15_,,,,,,MsA DD-LD first group 0624-0708-2024 Monitor 3.txt,,3.0,True,22.548,3.3128898918549297e-25,0.0174,5.42,True,False,24.876,8.29561992188189e-190,0.0716,9.0,True
MW_MsA1_,,,,,,MsA DD-LD first group 0624-0708-2024 Monitor 3.txt,,3.0,True,23.334,2.11788610825367e-48,0.0308,5.42,True,True,23.611,1.71114529251993e-160,0.0611,9.0,True
MW_MsA2_,True,1.0,,3.0,8am-8pm,MsA DD-LD first group 0624-0708-2024 Monitor 3.txt,,3.0,True,24.015,2.7175189378545803e-94,0.0568,5.42,True,True,24.118,5.3097026282307e-93,0.0366,9.0,True
MW_MsA3_,,,,,,MsA DD-LD first group 0624-0708-2024 Monitor 3.txt,,3.0,True,27.491,0.0056076733875338,0.0042,5.42,True,False,22.417,7.636740916949678e-42,0.0176,9.0,True
MW_MsA4_,,,,,,MsA DD-LD first group 0624-0708-2024 Monitor 3.txt,,3.0,True,,,,5.42,False,False,20.977,1.0,0.0004,9.0,False
MW_MsA5_,,,,,,MsA DD-LD first group 0624-0708-2024 Monitor 3.txt,,3.0,True,24.528,6.985107893171694e-75,0.0459,5.42,True,True,23.641,6.4314416521863795e-217,0.0811,9.0,True
MW_MsA6_,True,1.0,,3.0,8am-8pm,MsA DD-LD first group 0624-0708-2024 Monitor 3.txt,,3.0,True,23.323,3.958813238574391e-54,0.0341,5.42,True,True,23.821,1.7280960633993302e-148,0.0568,9.0,True
MW_MsA7_,True,5.0,,3.0,8am-8pm,MsA DD-LD first group 0624-0708-2024 Monitor 3.txt,,3.0,True,24.181,6.14453550628889e-70,0.0431,5.42,True,True,24.68,2.7586492977058704e-117,0.0455,9.0,True
MW_MsA8_,,,,,,MsA DD-LD first group 0624-0708-2024 Monitor 3.txt,,3.0,True,23.442,0.0418256645846861,0.0037,5.42,True,True,21.826,1.3020640974750102e-132,0.0511,9.0,True
MW_MsA9_,,,,,,MsA DD-LD first group 0624-0708-2024 Monitor 3.txt,,3.0,True,23.695,1.26019491227022e-56,0.0355,5.42,True,True,23.405,3.95032138843335e-124,0.048,9.0,True
