Period (hr),Amplitude,Significance
14.00,671.77,908.50
14.02,720.54,909.54
14.03,779.17,910.58
14.05,805.22,911.62
14.07,781.28,912.66
14.08,797.14,913.70
14.10,849.23,914.74
14.12,837.44,915.78
14.13,809.34,916.82
14.15,775.95,917.86
14.17,734.91,918.90
14.18,727.15,919.94
14.20,780.99,920.98
14.22,807.05,922.02
14.23,763.24,923.06
14.25,725.48,924.10
14.27,669.73,925.14
14.28,681.80,926.18
14.30,783.76,927.22
14.32,805.52,928.26
14.33,771.36,929.30
14.35,780.02,930.34
14.37,804.40,931.38
14.38,774.55,932.42
14.40,738.84,933.45
14.42,737.48,934.49
14.43,754.03,935.53
14.45,821.06,936.57
14.47,799.79,937.61
14.48,774.83,938.65
14.50,807.80,939.69
14.52,857.20,940.73
14.53,826.51,941.77
14.55,835.00,942.81
14.57,745.89,943.85
14.58,772.38,944.89
14.60,755.16,945.93
14.62,740.02,946.97
14.63,776.78,948.01
14.65,827.65,949.05
14.67,827.61,950.09
14.68,830.38,951.12
14.70,875.81,952.16
14.72,836.40,953.20
14.73,779.96,954.24
14.75,749.50,955.28
14.77,766.35,956.32
14.78,731.57,957.36
14.80,777.50,958.40
14.82,782.60,959.44
14.83,726.74,960.48
14.85,674.73,961.51
14.87,700.71,962.55
14.88,752.89,963.59
14.90,803.46,964.63
14.92,755.33,965.67
14.93,797.61,966.71
14.95,852.24,967.75
14.97,848.22,968.79
14.98,857.49,969.83
15.00,855.47,970.86
15.02,765.85,971.90
15.03,804.90,972.94
15.05,800.24,973.98
15.07,819.99,975.02
15.08,854.71,976.06
15.10,832.66,977.10
15.12,847.16,978.14
15.13,849.40,979.17
15.15,863.01,980.21
15.17,907.08,981.25
15.18,938.45,982.29
15.20,961.55,983.33
15.22,862.32,984.37
15.23,788.55,985.41
15.25,779.25,986.44
15.27,755.34,987.48
15.28,740.96,988.52
15.30,785.35,989.56
15.32,836.53,990.60
15.33,835.14,991.64
15.35,807.32,992.67
15.37,769.04,993.71
15.38,758.57,994.75
15.40,846.85,995.79
15.42,898.33,996.83
15.43,920.68,997.87
15.45,974.72,998.90
15.47,942.82,999.94
15.48,860.05,1000.98
15.50,790.63,1002.02
15.52,745.41,1003.06
15.53,765.97,1004.09
15.55,775.04,1005.13
15.57,753.34,1006.17
15.58,734.99,1007.21
15.60,829.34,1008.25
15.62,909.95,1009.28
15.63,977.36,1010.32
15.65,1065.96,1011.36
15.67,1023.59,1012.40
15.68,1011.68,1013.44
15.70,1002.70,1014.47
15.72,955.95,1015.51
15.73,919.66,1016.55
15.75,833.12,1017.59
15.77,819.87,1018.63
15.78,776.46,1019.66
15.80,775.08,1020.70
15.82,841.13,1021.74
15.83,981.23,1022.78
15.85,1087.66,1023.81
15.87,1002.57,1024.85
15.88,943.34,1025.89
15.90,986.96,1026.93
15.92,999.68,1027.96
15.93,942.38,1029.00
15.95,859.10,1030.04
15.97,855.55,1031.08
15.98,848.27,1032.12
16.00,794.10,1033.15
16.02,793.56,1034.19
16.03,863.87,1035.23
16.05,881.66,1036.27
16.07,909.16,1037.30
16.08,956.39,1038.34
16.10,980.71,1039.38
16.12,1002.17,1040.41
16.13,1039.31,1041.45
16.15,1018.67,1042.49
16.17,1010.65,1043.53
16.18,938.10,1044.56
16.20,899.14,1045.60
16.22,875.07,1046.64
16.23,860.55,1047.68
16.25,917.38,1048.71
16.27,938.86,1049.75
16.28,911.45,1050.79
16.30,850.21,1051.83
16.32,810.95,1052.86
16.33,760.91,1053.90
16.35,761.07,1054.94
16.37,778.97,1055.97
16.38,816.47,1057.01
16.40,848.89,1058.05
16.42,891.33,1059.08
16.43,939.58,1060.12
16.45,959.28,1061.16
16.47,962.14,1062.20
16.48,991.09,1063.23
16.50,913.32,1064.27
16.52,872.19,1065.31
16.53,854.78,1066.34
16.55,846.96,1067.38
16.57,822.46,1068.42
16.58,865.28,1069.45
16.60,881.80,1070.49
16.62,899.59,1071.53
16.63,960.37,1072.56
16.65,1058.82,1073.60
16.67,1093.57,1074.64
16.68,1025.23,1075.68
16.70,983.43,1076.71
16.72,953.82,1077.75
16.73,914.58,1078.79
16.75,834.43,1079.82
16.77,794.51,1080.86
16.78,769.41,1081.90
16.80,785.86,1082.93
16.82,817.26,1083.97
16.83,872.08,1085.01
16.85,878.37,1086.04
16.87,814.40,1087.08
16.88,870.92,1088.11
16.90,905.43,1089.15
16.92,913.61,1090.19
16.93,863.90,1091.22
16.95,836.32,1092.26
16.97,911.83,1093.30
16.98,954.90,1094.33
17.00,967.09,1095.37
17.02,910.90,1096.41
17.03,844.85,1097.44
17.05,778.96,1098.48
17.07,805.70,1099.52
17.08,834.89,1100.55
17.10,864.32,1101.59
17.12,898.86,1102.62
17.13,919.22,1103.66
17.15,896.33,1104.70
17.17,885.55,1105.73
17.18,877.23,1106.77
17.20,856.62,1107.81
17.22,897.76,1108.84
17.23,939.51,1109.88
17.25,966.71,1110.91
17.27,1020.86,1111.95
17.28,1027.39,1112.99
17.30,994.45,1114.02
17.32,969.16,1115.06
17.33,1008.27,1116.09
17.35,998.59,1117.13
17.37,968.18,1118.17
17.38,972.15,1119.20
17.40,875.98,1120.24
17.42,866.62,1121.27
17.43,901.76,1122.31
17.45,898.69,1123.35
17.47,945.17,1124.38
17.48,997.73,1125.42
17.50,989.27,1126.45
17.52,973.65,1127.49
17.53,967.73,1128.53
17.55,966.72,1129.56
17.57,904.27,1130.60
17.58,891.88,1131.63
17.60,956.03,1132.67
17.62,1052.04,1133.71
17.63,1060.64,1134.74
17.65,986.19,1135.78
17.67,948.70,1136.81
17.68,890.55,1137.85
17.70,903.39,1138.88
17.72,924.08,1139.92
17.73,920.33,1140.96
17.75,890.45,1141.99
17.77,902.65,1143.03
17.78,950.49,1144.06
17.80,1003.04,1145.10
17.82,1028.61,1146.13
17.83,987.32,1147.17
17.85,983.29,1148.20
17.87,985.60,1149.24
17.88,977.70,1150.28
17.90,903.20,1151.31
17.92,851.26,1152.35
17.93,845.23,1153.38
17.95,880.03,1154.42
17.97,966.82,1155.45
17.98,982.04,1156.49
18.00,970.00,1157.52
18.02,943.34,1158.56
18.03,925.46,1159.59
18.05,887.01,1160.63
18.07,907.11,1161.66
18.08,915.15,1162.70
18.10,907.46,1163.74
18.12,971.66,1164.77
18.13,1051.03,1165.81
18.15,1100.51,1166.84
18.17,1078.30,1167.88
18.18,993.35,1168.91
18.20,927.28,1169.95
18.22,881.05,1170.98
18.23,876.91,1172.02
18.25,894.04,1173.05
18.27,900.99,1174.09
18.28,915.71,1175.12
18.30,952.96,1176.16
18.32,1011.88,1177.19
18.33,1033.77,1178.23
18.35,1078.74,1179.26
18.37,1087.71,1180.30
18.38,1024.85,1181.33
18.40,979.01,1182.37
18.42,955.99,1183.40
18.43,962.97,1184.44
18.45,980.61,1185.47
18.47,1000.46,1186.51
18.48,980.92,1187.54
18.50,1028.89,1188.58
18.52,1118.64,1189.61
18.53,1125.68,1190.65
18.55,1117.51,1191.68
18.57,1025.87,1192.72
18.58,1018.95,1193.75
18.60,1021.43,1194.79
18.62,1070.79,1195.82
18.63,1110.21,1196.86
18.65,1123.66,1197.89
18.67,1142.03,1198.93
18.68,1152.85,1199.96
18.70,1104.65,1201.00
18.72,1061.75,1202.03
18.73,1024.27,1203.06
18.75,990.10,1204.10
18.77,972.38,1205.13
18.78,1048.83,1206.17
18.80,1057.53,1207.20
18.82,1099.40,1208.24
18.83,1074.84,1209.27
18.85,1024.43,1210.31
18.87,989.09,1211.34
18.88,952.92,1212.38
18.90,931.53,1213.41
18.92,958.86,1214.45
18.93,966.84,1215.48
18.95,1039.01,1216.51
18.97,1066.50,1217.55
18.98,1040.43,1218.58
19.00,1027.40,1219.62
19.02,968.82,1220.65
19.03,976.04,1221.69
19.05,982.54,1222.72
19.07,976.09,1223.76
19.08,1057.54,1224.79
19.10,1105.11,1225.82
19.12,1137.69,1226.86
19.13,1170.95,1227.89
19.15,1183.60,1228.93
19.17,1177.22,1229.96
19.18,1125.35,1231.00
19.20,1083.70,1232.03
19.22,1009.93,1233.06
19.23,1001.94,1234.10
19.25,989.03,1235.13
19.27,1022.21,1236.17
19.28,1024.40,1237.20
19.30,1046.56,1238.24
19.32,1054.46,1239.27
19.33,1000.64,1240.30
19.35,966.98,1241.34
19.37,994.30,1242.37
19.38,1101.96,1243.41
19.40,1124.61,1244.44
19.42,1150.04,1245.47
19.43,1128.93,1246.51
19.45,1121.82,1247.54
19.47,1102.21,1248.58
19.48,1101.23,1249.61
19.50,1098.61,1250.64
19.52,1113.58,1251.68
19.53,1078.15,1252.71
19.55,1083.97,1253.75
19.57,1081.60,1254.78
19.58,1044.26,1255.81
19.60,977.78,1256.85
19.62,972.84,1257.88
19.63,1041.01,1258.92
19.65,1055.95,1259.95
19.67,1045.68,1260.98
19.68,1062.91,1262.02
19.70,1125.42,1263.05
19.72,1099.51,1264.08
19.73,1085.23,1265.12
19.75,1110.00,1266.15
19.77,1146.15,1267.19
19.78,1151.55,1268.22
19.80,1175.86,1269.25
19.82,1167.81,1270.29
19.83,1110.05,1271.32
19.85,1077.30,1272.35
19.87,1036.18,1273.39
19.88,1008.39,1274.42
19.90,980.95,1275.46
19.92,977.90,1276.49
19.93,968.39,1277.52
19.95,976.75,1278.56
19.97,1000.92,1279.59
19.98,1004.40,1280.62
20.00,1003.47,1281.66
20.02,1039.23,1282.69
20.03,1076.51,1283.72
20.05,1091.58,1284.76
20.07,1102.52,1285.79
20.08,1110.72,1286.83
20.10,1163.09,1287.86
20.12,1177.64,1288.89
20.13,1176.91,1289.93
20.15,1170.56,1290.96
20.17,1175.57,1291.99
20.18,1165.19,1293.03
20.20,1139.65,1294.06
20.22,1135.20,1295.09
20.23,1147.07,1296.13
20.25,1134.75,1297.16
20.27,1150.61,1298.19
20.28,1141.75,1299.23
20.30,1124.58,1300.26
20.32,1153.51,1301.29
20.33,1141.84,1302.33
20.35,1182.08,1303.36
20.37,1161.52,1304.39
20.38,1157.59,1305.43
20.40,1152.60,1306.46
20.42,1147.95,1307.49
20.43,1143.22,1308.53
20.45,1107.09,1309.56
20.47,1104.99,1310.59
20.48,1105.07,1311.62
20.50,1096.69,1312.66
20.52,1105.35,1313.69
20.53,1143.14,1314.72
20.55,1143.66,1315.76
20.57,1157.31,1316.79
20.58,1182.92,1317.82
20.60,1223.20,1318.86
20.62,1211.11,1319.89
20.63,1148.30,1320.92
20.65,1127.69,1321.96
20.67,1138.90,1322.99
20.68,1167.15,1324.02
20.70,1200.49,1325.05
20.72,1277.45,1326.09
20.73,1290.45,1327.12
20.75,1260.81,1328.15
20.77,1212.04,1329.19
20.78,1177.60,1330.22
20.80,1159.93,1331.25
20.82,1165.15,1332.29
20.83,1162.38,1333.32
20.85,1167.46,1334.35
20.87,1168.40,1335.38
20.88,1110.70,1336.42
20.90,1129.51,1337.45
20.92,1182.83,1338.48
20.93,1199.35,1339.52
20.95,1203.90,1340.55
20.97,1234.32,1341.58
20.98,1262.70,1342.61
21.00,1208.87,1343.65
21.02,1196.29,1344.68
21.03,1258.36,1345.71
21.05,1277.96,1346.74
21.07,1283.66,1347.78
21.08,1286.19,1348.81
21.10,1298.83,1349.84
21.12,1324.74,1350.88
21.13,1347.42,1351.91
21.15,1336.38,1352.94
21.17,1316.47,1353.97
21.18,1321.92,1355.01
21.20,1332.24,1356.04
21.22,1325.07,1357.07
21.23,1295.71,1358.10
21.25,1257.49,1359.14
21.27,1192.06,1360.17
21.28,1178.20,1361.20
21.30,1175.62,1362.23
21.32,1159.53,1363.27
21.33,1150.06,1364.30
21.35,1194.22,1365.33
21.37,1218.48,1366.36
21.38,1232.96,1367.40
21.40,1209.45,1368.43
21.42,1207.23,1369.46
21.43,1232.44,1370.49
21.45,1278.16,1371.53
21.47,1352.81,1372.56
21.48,1434.04,1373.59
21.50,1507.81,1374.62
21.52,1536.85,1375.66
21.53,1552.22,1376.69
21.55,1506.66,1377.72
21.57,1474.52,1378.75
21.58,1433.11,1379.79
21.60,1437.30,1380.82
21.62,1427.81,1381.85
21.63,1432.81,1382.88
21.65,1462.19,1383.91
21.67,1545.30,1384.95
21.68,1512.08,1385.98
21.70,1433.00,1387.01
21.72,1344.19,1388.04
21.73,1334.61,1389.08
21.75,1356.74,1390.11
21.77,1335.26,1391.14
21.78,1356.70,1392.17
21.80,1344.57,1393.20
21.82,1352.64,1394.24
21.83,1331.09,1395.27
21.85,1312.12,1396.30
21.87,1339.28,1397.33
21.88,1401.96,1398.36
21.90,1429.63,1399.40
21.92,1480.14,1400.43
21.93,1543.10,1401.46
21.95,1567.57,1402.49
21.97,1595.02,1403.53
21.98,1597.66,1404.56
22.00,1532.71,1405.59
22.02,1516.17,1406.62
22.03,1561.18,1407.65
22.05,1620.28,1408.69
22.07,1646.25,1409.72
22.08,1622.85,1410.75
22.10,1662.25,1411.78
22.12,1666.32,1412.81
22.13,1627.05,1413.84
22.15,1646.78,1414.88
22.17,1613.35,1415.91
22.18,1619.13,1416.94
22.20,1627.02,1417.97
22.22,1650.94,1419.00
22.23,1560.65,1420.04
22.25,1446.17,1421.07
22.27,1416.94,1422.10
22.28,1420.00,1423.13
22.30,1409.72,1424.16
22.32,1450.32,1425.20
22.33,1479.46,1426.23
22.35,1513.79,1427.26
22.37,1508.99,1428.29
22.38,1555.22,1429.32
22.40,1541.72,1430.35
22.42,1601.25,1431.39
22.43,1636.16,1432.42
22.45,1605.88,1433.45
22.47,1537.90,1434.48
22.48,1577.64,1435.51
22.50,1639.89,1436.54
22.52,1693.90,1437.58
22.53,1621.92,1438.61
22.55,1577.43,1439.64
22.57,1533.09,1440.67
22.58,1456.23,1441.70
22.60,1418.68,1442.73
22.62,1501.98,1443.77
22.63,1570.39,1444.80
22.65,1654.73,1445.83
22.67,1743.05,1446.86
22.68,1753.03,1447.89
22.70,1717.46,1448.92
22.72,1678.30,1449.95
22.73,1713.58,1450.99
22.75,1750.46,1452.02
22.77,1800.37,1453.05
22.78,1859.73,1454.08
22.80,1935.27,1455.11
22.82,1961.02,1456.14
22.83,1976.96,1457.17
22.85,2005.14,1458.21
22.87,2001.96,1459.24
22.88,1946.20,1460.27
22.90,1945.74,1461.30
22.92,1908.33,1462.33
22.93,1884.06,1463.36
22.95,1831.10,1464.39
22.97,1857.97,1465.43
22.98,1869.31,1466.46
23.00,1806.72,1467.49
23.02,1804.08,1468.52
23.03,1803.59,1469.55
23.05,1792.83,1470.58
23.07,1771.24,1471.61
23.08,1833.67,1472.64
23.10,1984.64,1473.68
23.12,2088.69,1474.71
23.13,2047.69,1475.74
23.15,2050.19,1476.77
23.17,2012.99,1477.80
23.18,1928.37,1478.83
23.20,1907.93,1479.86
23.22,1901.81,1480.89
23.23,1885.81,1481.93
23.25,1887.33,1482.96
23.27,1806.03,1483.99
23.28,1825.38,1485.02
23.30,1817.43,1486.05
23.32,1815.93,1487.08
23.33,1759.57,1488.11
23.35,1783.17,1489.14
23.37,1800.23,1490.17
23.38,1833.82,1491.20
23.40,1927.36,1492.24
23.42,1913.49,1493.27
23.43,1886.02,1494.30
23.45,1972.61,1495.33
23.47,2154.02,1496.36
23.48,2263.94,1497.39
23.50,2266.83,1498.42
23.52,2237.53,1499.45
23.53,2201.51,1500.48
23.55,2217.47,1501.51
23.57,2177.25,1502.55
23.58,2139.62,1503.58
23.60,2101.80,1504.61
23.62,2071.18,1505.64
23.63,2106.01,1506.67
23.65,2137.29,1507.70
23.67,2064.81,1508.73
23.68,2057.24,1509.76
23.70,2045.44,1510.79
23.72,2028.60,1511.82
23.73,2153.91,1512.85
23.75,2252.55,1513.89
23.77,2208.67,1514.92
23.78,2159.08,1515.95
23.80,2115.49,1516.98
23.82,2121.48,1518.01
23.83,2162.06,1519.04
23.85,2218.27,1520.07
23.87,2238.97,1521.10
23.88,2172.08,1522.13
23.90,2120.51,1523.16
23.92,2055.84,1524.19
23.93,2028.75,1525.22
23.95,1999.90,1526.25
23.97,2087.63,1527.28
23.98,2057.61,1528.32
24.00,2001.42,1529.35
24.02,1791.83,1530.38
24.03,1775.71,1531.41
24.05,1798.48,1532.44
24.07,1757.76,1533.47
24.08,1787.03,1534.50
24.10,1853.16,1535.53
24.12,1898.74,1536.56
24.13,1951.29,1537.59
24.15,2060.96,1538.62
24.17,2166.10,1539.65
24.18,2283.04,1540.68
24.20,2341.13,1541.71
24.22,2328.99,1542.74
24.23,2246.22,1543.77
24.25,2200.04,1544.80
24.27,2094.75,1545.83
24.28,1963.44,1546.87
24.30,1874.36,1547.90
24.32,1783.06,1548.93
24.33,1811.09,1549.96
24.35,1829.08,1550.99
24.37,1893.44,1552.02
24.38,1925.12,1553.05
24.40,1907.38,1554.08
24.42,1889.54,1555.11
24.43,1929.52,1556.14
24.45,1943.93,1557.17
24.47,1947.40,1558.20
24.48,1931.47,1559.23
24.50,1869.94,1560.26
24.52,1825.82,1561.29
24.53,1763.13,1562.32
24.55,1712.28,1563.35
24.57,1726.35,1564.38
24.58,1734.94,1565.41
24.60,1814.53,1566.44
24.62,1830.81,1567.47
24.63,1861.69,1568.50
24.65,1898.13,1569.53
24.67,1881.28,1570.56
24.68,1970.89,1571.59
24.70,1962.56,1572.62
24.72,2046.89,1573.65
24.73,2032.46,1574.68
24.75,1927.10,1575.71
24.77,1867.82,1576.74
24.78,1902.81,1577.77
24.80,1943.05,1578.80
24.82,1916.97,1579.83
24.83,1909.24,1580.86
24.85,1883.27,1581.89
24.87,1863.78,1582.92
24.88,1846.74,1583.96
24.90,1900.62,1584.99
24.92,1914.02,1586.02
24.93,1920.99,1587.05
24.95,1942.22,1588.08
24.97,1937.11,1589.11
24.98,1883.86,1590.14
25.00,1866.84,1591.17
25.02,1831.63,1592.20
25.03,1853.55,1593.23
25.05,1856.20,1594.26
25.07,1862.13,1595.29
25.08,1874.44,1596.32
25.10,1833.69,1597.35
25.12,1784.07,1598.38
25.13,1743.81,1599.41
25.15,1727.19,1600.44
25.17,1730.54,1601.47
25.18,1763.85,1602.50
25.20,1756.48,1603.52
25.22,1791.14,1604.55
25.23,1815.17,1605.58
25.25,1875.33,1606.61
25.27,1946.51,1607.64
25.28,1982.50,1608.67
25.30,1952.44,1609.70
25.32,2014.48,1610.73
25.33,2062.76,1611.76
25.35,1951.24,1612.79
25.37,1869.23,1613.82
25.38,1860.98,1614.85
25.40,1862.93,1615.88
25.42,1828.56,1616.91
25.43,1805.67,1617.94
25.45,1847.28,1618.97
25.47,1830.24,1620.00
25.48,1877.60,1621.03
25.50,1969.16,1622.06
25.52,1979.49,1623.09
25.53,2074.55,1624.12
25.55,2077.51,1625.15
25.57,2013.03,1626.18
25.58,1926.34,1627.21
25.60,1873.47,1628.24
25.62,1830.39,1629.27
25.63,1787.16,1630.30
25.65,1782.28,1631.33
25.67,1809.82,1632.36
25.68,1820.99,1633.39
25.70,1788.32,1634.42
25.72,1814.85,1635.45
25.73,1808.01,1636.48
25.75,1833.17,1637.51
25.77,1778.40,1638.54
25.78,1739.41,1639.57
25.80,1706.65,1640.60
25.82,1718.51,1641.62
25.83,1691.46,1642.65
25.85,1693.65,1643.68
25.87,1703.48,1644.71
25.88,1740.57,1645.74
25.90,1775.31,1646.77
25.92,1785.90,1647.80
25.93,1799.71,1648.83
25.95,1803.83,1649.86
25.97,1815.97,1650.89
25.98,1832.49,1651.92
26.00,1833.15,1652.95
26.02,1834.36,1653.98
26.03,1796.72,1655.01
26.05,1748.68,1656.04
26.07,1797.92,1657.07
26.08,1788.18,1658.10
26.10,1730.65,1659.13
26.12,1691.23,1660.15
26.13,1747.43,1661.18
26.15,1811.86,1662.21
26.17,1849.55,1663.24
26.18,1860.26,1664.27
26.20,1874.76,1665.30
26.22,1897.81,1666.33
26.23,1885.73,1667.36
26.25,1855.55,1668.39
26.27,1785.64,1669.42
26.28,1743.57,1670.45
26.30,1693.51,1671.48
26.32,1693.44,1672.51
26.33,1674.24,1673.54
26.35,1667.84,1674.57
26.37,1652.93,1675.59
26.38,1678.41,1676.62
26.40,1724.17,1677.65
26.42,1803.83,1678.68
26.43,1808.25,1679.71
26.45,1823.00,1680.74
26.47,1814.20,1681.77
26.48,1793.96,1682.80
26.50,1798.65,1683.83
26.52,1739.69,1684.86
26.53,1715.91,1685.89
26.55,1705.01,1686.92
26.57,1759.23,1687.94
26.58,1767.46,1688.97
26.60,1793.91,1690.00
26.62,1788.85,1691.03
26.63,1752.61,1692.06
26.65,1713.68,1693.09
26.67,1708.84,1694.12
26.68,1753.32,1695.15
26.70,1720.25,1696.18
26.72,1743.94,1697.21
26.73,1734.98,1698.24
26.75,1754.30,1699.26
26.77,1771.36,1700.29
26.78,1734.44,1701.32
26.80,1745.08,1702.35
26.82,1677.27,1703.38
26.83,1640.60,1704.41
26.85,1595.80,1705.44
26.87,1590.11,1706.47
26.88,1583.30,1707.50
26.90,1611.92,1708.53
26.92,1625.01,1709.55
26.93,1644.74,1710.58
26.95,1659.24,1711.61
26.97,1670.99,1712.64
26.98,1658.20,1713.67
27.00,1637.08,1714.70
27.02,1654.19,1715.73
27.03,1676.78,1716.76
27.05,1631.75,1717.79
27.07,1609.97,1718.81
27.08,1618.47,1719.84
27.10,1656.36,1720.87
27.12,1705.76,1721.90
27.13,1760.02,1722.93
27.15,1811.11,1723.96
27.17,1849.65,1724.99
27.18,1867.85,1726.02
27.20,1888.95,1727.04
27.22,1882.44,1728.07
27.23,1880.29,1729.10
27.25,1792.28,1730.13
27.27,1713.17,1731.16
27.28,1662.02,1732.19
27.30,1650.40,1733.22
27.32,1629.28,1734.25
27.33,1629.30,1735.27
27.35,1591.09,1736.30
27.37,1598.60,1737.33
27.38,1639.65,1738.36
27.40,1577.83,1739.39
27.42,1602.76,1740.42
27.43,1625.79,1741.45
27.45,1677.88,1742.48
27.47,1738.02,1743.50
27.48,1776.25,1744.53
27.50,1746.28,1745.56
27.52,1714.13,1746.59
27.53,1692.01,1747.62
27.55,1721.85,1748.65
27.57,1640.38,1749.68
27.58,1577.80,1750.70
27.60,1546.39,1751.73
27.62,1569.01,1752.76
27.63,1567.19,1753.79
27.65,1576.25,1754.82
27.67,1591.03,1755.85
27.68,1587.30,1756.88
27.70,1598.83,1757.90
27.72,1572.81,1758.93
27.73,1563.60,1759.96
27.75,1578.39,1760.99
27.77,1611.22,1762.02
27.78,1670.05,1763.05
27.80,1666.41,1764.07
27.82,1674.18,1765.10
27.83,1673.46,1766.13
27.85,1636.95,1767.16
27.87,1608.64,1768.19
27.88,1602.46,1769.22
27.90,1620.77,1770.25
27.92,1631.11,1771.27
27.93,1636.50,1772.30
27.95,1633.00,1773.33
27.97,1590.05,1774.36
27.98,1566.42,1775.39
28.00,1568.30,1776.42
28.02,1566.87,1777.44
28.03,1597.34,1778.47
28.05,1597.48,1779.50
28.07,1626.00,1780.53
28.08,1629.02,1781.56
28.10,1666.27,1782.59
28.12,1681.74,1783.61
28.13,1653.31,1784.64
28.15,1612.95,1785.67
28.17,1606.05,1786.70
28.18,1608.72,1787.73
28.20,1587.50,1788.76
28.22,1612.08,1789.78
28.23,1626.31,1790.81
28.25,1627.59,1791.84
28.27,1570.66,1792.87
28.28,1563.42,1793.90
28.30,1570.63,1794.93
28.32,1549.57,1795.95
28.33,1538.37,1796.98
28.35,1522.08,1798.01
28.37,1528.64,1799.04
28.38,1544.36,1800.07
28.40,1578.17,1801.09
28.42,1584.77,1802.12
28.43,1622.29,1803.15
28.45,1618.98,1804.18
28.47,1600.78,1805.21
28.48,1549.40,1806.24
28.50,1522.77,1807.26
28.52,1491.96,1808.29
28.53,1498.82,1809.32
28.55,1474.73,1810.35
28.57,1451.21,1811.38
28.58,1469.19,1812.40
28.60,1532.54,1813.43
28.62,1569.34,1814.46
28.63,1516.14,1815.49
28.65,1493.75,1816.52
28.67,1487.16,1817.54
28.68,1498.89,1818.57
28.70,1530.80,1819.60
28.72,1586.65,1820.63
28.73,1592.78,1821.66
28.75,1531.78,1822.68
28.77,1547.33,1823.71
28.78,1567.79,1824.74
28.80,1561.01,1825.77
28.82,1607.84,1826.80
28.83,1682.00,1827.82
28.85,1689.60,1828.85
28.87,1677.51,1829.88
28.88,1694.84,1830.91
28.90,1670.09,1831.94
28.92,1648.14,1832.96
28.93,1636.30,1833.99
28.95,1639.08,1835.02
28.97,1630.14,1836.05
28.98,1635.51,1837.08
29.00,1650.86,1838.10
29.02,1682.57,1839.13
29.03,1697.37,1840.16
29.05,1650.59,1841.19
29.07,1596.61,1842.21
29.08,1582.48,1843.24
29.10,1561.70,1844.27
29.12,1545.60,1845.30
29.13,1520.82,1846.33
29.15,1535.92,1847.35
29.17,1552.38,1848.38
29.18,1530.42,1849.41
29.20,1507.85,1850.44
29.22,1475.22,1851.46
29.23,1467.37,1852.49
29.25,1460.31,1853.52
29.27,1498.62,1854.55
29.28,1553.62,1855.58
29.30,1581.00,1856.60
29.32,1561.95,1857.63
29.33,1553.24,1858.66
29.35,1517.90,1859.69
29.37,1474.25,1860.71
29.38,1482.60,1861.74
29.40,1494.24,1862.77
29.42,1520.50,1863.80
29.43,1511.81,1864.82
29.45,1507.43,1865.85
29.47,1498.14,1866.88
29.48,1483.84,1867.91
29.50,1492.55,1868.94
29.52,1512.11,1869.96
29.53,1559.56,1870.99
29.55,1565.35,1872.02
29.57,1599.90,1873.05
29.58,1682.01,1874.07
29.60,1722.76,1875.10
29.62,1765.69,1876.13
29.63,1759.61,1877.16
29.65,1731.76,1878.18
29.67,1715.87,1879.21
29.68,1667.11,1880.24
29.70,1659.18,1881.27
29.72,1653.45,1882.29
29.73,1639.79,1883.32
29.75,1605.90,1884.35
29.77,1596.72,1885.38
29.78,1574.89,1886.40
29.80,1545.69,1887.43
29.82,1510.99,1888.46
29.83,1502.76,1889.49
29.85,1546.03,1890.51
29.87,1598.42,1891.54
29.88,1604.70,1892.57
29.90,1591.36,1893.60
29.92,1555.97,1894.62
29.93,1478.50,1895.65
29.95,1447.82,1896.68
29.97,1469.06,1897.71
29.98,1480.18,1898.73
30.00,1503.52,1899.76
30.02,1567.69,1900.79
30.03,1582.49,1901.82
30.05,1584.41,1902.84
30.07,1597.24,1903.87
30.08,1598.33,1904.90
30.10,1602.66,1905.93
30.12,1623.92,1906.95
30.13,1644.36,1907.98
30.15,1690.35,1909.01
30.17,1688.30,1910.03
30.18,1693.96,1911.06
30.20,1659.49,1912.09
30.22,1660.68,1913.12
30.23,1652.40,1914.14
30.25,1647.15,1915.17
30.27,1663.05,1916.20
30.28,1669.15,1917.23
30.30,1681.36,1918.25
30.32,1672.84,1919.28
30.33,1681.57,1920.31
30.35,1660.33,1921.33
30.37,1661.95,1922.36
30.38,1636.91,1923.39
30.40,1625.62,1924.42
30.42,1626.68,1925.44
30.43,1614.39,1926.47
30.45,1620.44,1927.50
30.47,1610.85,1928.53
30.48,1604.94,1929.55
30.50,1598.38,1930.58
30.52,1621.83,1931.61
30.53,1616.46,1932.63
30.55,1604.67,1933.66
30.57,1610.50,1934.69
30.58,1613.95,1935.72
30.60,1624.49,1936.74
30.62,1631.32,1937.77
30.63,1651.16,1938.80
30.65,1648.73,1939.82
30.67,1643.89,1940.85
30.68,1623.31,1941.88
30.70,1636.68,1942.91
30.72,1671.20,1943.93
30.73,1679.80,1944.96
30.75,1671.96,1945.99
30.77,1684.12,1947.01
30.78,1701.55,1948.04
30.80,1720.08,1949.07
30.82,1721.18,1950.09
30.83,1722.60,1951.12
30.85,1718.10,1952.15
30.87,1735.05,1953.18
30.88,1770.36,1954.20
30.90,1802.47,1955.23
30.92,1800.69,1956.26
30.93,1792.64,1957.28
30.95,1741.32,1958.31
30.97,1642.13,1959.34
30.98,1608.33,1960.36
31.00,1591.93,1961.39
31.02,1581.91,1962.42
31.03,1600.06,1963.45
31.05,1600.33,1964.47
31.07,1630.44,1965.50
31.08,1657.98,1966.53
31.10,1679.78,1967.55
31.12,1672.59,1968.58
31.13,1621.25,1969.61
31.15,1592.92,1970.63
31.17,1599.06,1971.66
31.18,1600.89,1972.69
31.20,1607.75,1973.71
31.22,1637.27,1974.74
31.23,1665.74,1975.77
31.25,1742.64,1976.80
31.27,1794.11,1977.82
31.28,1816.97,1978.85
31.30,1803.49,1979.88
31.32,1792.28,1980.90
31.33,1754.62,1981.93
31.35,1739.80,1982.96
31.37,1757.58,1983.98
31.38,1758.79,1985.01
31.40,1761.73,1986.04
31.42,1773.69,1987.06
31.43,1790.22,1988.09
31.45,1808.61,1989.12
31.47,1820.17,1990.14
31.48,1807.16,1991.17
31.50,1715.23,1992.20
31.52,1677.54,1993.22
31.53,1685.24,1994.25
31.55,1704.61,1995.28
31.57,1708.19,1996.30
31.58,1698.46,1997.33
31.60,1690.79,1998.36
31.62,1675.14,1999.38
31.63,1675.87,2000.41
31.65,1672.00,2001.44
31.67,1690.00,2002.46
31.68,1739.63,2003.49
31.70,1774.65,2004.52
31.72,1762.60,2005.54
31.73,1721.73,2006.57
31.75,1667.00,2007.60
31.77,1646.88,2008.62
31.78,1638.58,2009.65
31.80,1653.12,2010.68
31.82,1657.67,2011.70
31.83,1686.50,2012.73
31.85,1725.70,2013.76
31.87,1751.30,2014.78
31.88,1753.04,2015.81
31.90,1757.65,2016.84
31.92,1759.61,2017.86
31.93,1775.68,2018.89
31.95,1772.91,2019.92
31.97,1770.25,2020.94
31.98,1722.00,2021.97
32.00,1706.39,2023.00
32.02,1712.97,2024.02
32.03,1744.42,2025.05
32.05,1772.59,2026.08
32.07,1789.49,2027.10
32.08,1761.03,2028.13
32.10,1738.52,2029.16
32.12,1692.50,2030.18
32.13,1689.00,2031.21
32.15,1690.93,2032.24
32.17,1665.57,2033.26
32.18,1662.94,2034.29
32.20,1675.85,2035.31
32.22,1741.77,2036.34
32.23,1801.64,2037.37
32.25,1807.07,2038.39
32.27,1821.29,2039.42
32.28,1824.95,2040.45
32.30,1822.49,2041.47
32.32,1787.60,2042.50
32.33,1786.12,2043.53
32.35,1777.95,2044.55
32.37,1770.54,2045.58
32.38,1770.28,2046.60
32.40,1781.07,2047.63
32.42,1774.77,2048.66
32.43,1768.91,2049.68
32.45,1773.79,2050.71
32.47,1754.05,2051.74
32.48,1772.02,2052.76
32.50,1826.07,2053.79
32.52,1846.89,2054.82
32.53,1815.81,2055.84
32.55,1788.86,2056.87
32.57,1751.78,2057.89
32.58,1722.19,2058.92
32.60,1711.55,2059.95
32.62,1735.97,2060.97
32.63,1739.15,2062.00
32.65,1729.29,2063.03
32.67,1730.79,2064.05
32.68,1728.34,2065.08
32.70,1738.51,2066.10
32.72,1724.23,2067.13
32.73,1725.39,2068.16
32.75,1731.51,2069.18
32.77,1747.11,2070.21
32.78,1761.82,2071.24
32.80,1791.57,2072.26
32.82,1821.80,2073.29
32.83,1825.14,2074.31
32.85,1853.15,2075.34
32.87,1903.03,2076.37
32.88,1915.47,2077.39
32.90,1944.58,2078.42
32.92,1915.12,2079.45
32.93,1911.93,2080.47
32.95,1889.99,2081.50
32.97,1855.80,2082.52
32.98,1797.40,2083.55
33.00,1764.73,2084.58
33.02,1724.41,2085.60
33.03,1724.87,2086.63
33.05,1740.46,2087.65
33.07,1745.37,2088.68
33.08,1747.78,2089.71
33.10,1729.34,2090.73
33.12,1730.60,2091.76
33.13,1719.89,2092.79
33.15,1742.59,2093.81
33.17,1779.01,2094.84
33.18,1758.37,2095.86
33.20,1746.62,2096.89
33.22,1774.05,2097.92
33.23,1773.85,2098.94
33.25,1774.89,2099.97
33.27,1788.42,2100.99
33.28,1831.95,2102.02
33.30,1949.53,2103.05
33.32,1968.31,2104.07
33.33,1985.73,2105.10
33.35,1960.03,2106.12
33.37,1888.85,2107.15
33.38,1864.23,2108.18
33.40,1891.40,2109.20
33.42,1898.81,2110.23
33.43,1864.50,2111.25
33.45,1831.77,2112.28
33.47,1821.44,2113.31
33.48,1823.08,2114.33
33.50,1783.95,2115.36
33.52,1757.79,2116.38
33.53,1768.86,2117.41
33.55,1771.05,2118.43
33.57,1787.55,2119.46
33.58,1809.61,2120.49
33.60,1811.59,2121.51
33.62,1866.26,2122.54
33.63,1900.64,2123.56
33.65,1910.76,2124.59
33.67,1901.56,2125.62
33.68,1884.36,2126.64
33.70,1873.87,2127.67
33.72,1831.84,2128.69
33.73,1812.26,2129.72
33.75,1829.09,2130.75
33.77,1858.93,2131.77
33.78,1870.80,2132.80
33.80,1856.89,2133.82
33.82,1827.98,2134.85
33.83,1840.78,2135.87
33.85,1809.39,2136.90
33.87,1774.13,2137.93
33.88,1767.95,2138.95
33.90,1757.10,2139.98
33.92,1841.43,2141.00
33.93,1868.02,2142.03
33.95,1888.21,2143.05
33.97,1907.03,2144.08
33.98,1930.41,2145.11
34.00,1967.83,2146.13
